Semester,Session,Batch,Roll No.,Assignment,Midterm,Ori Online Participation,Online Participation,Ori Group Project,Group Project,COURSEWORK,Alternative Assessment 01,Alternative Assessment 02,FINALS,TOTAL MARKS,GRADE
1,2017/2018,1,PDS001,8.0,14.7,10.0,10.0,14.0,14.0,46.7,,,33.6,80.3,A
1,2017/2018,1,PDS002,7.0,13.3,10.0,10.0,18.0,18.0,48.3,,,25.6,73.9,B+
1,2017/2018,1,PDS003,7.0,16.3,10.0,10.0,15.0,15.0,48.3,,,34.4,82.7,A
1,2017/2018,1,PDS004,7.0,14.7,10.0,10.0,15.0,15.0,46.7,,,36.8,83.5,A
1,2017/2018,1,PDS005,7.0,16.7,10.0,10.0,15.0,15.0,48.7,,,35.2,83.9,A
1,2017/2018,1,PDS006,10.0,16.0,10.0,10.0,15.0,15.0,51.0,,,32.8,83.8,A
1,2017/2018,1,PDS007,8.0,15.3,10.0,10.0,15.0,15.0,48.3,,,29.6,77.9,A-
1,2017/2018,1,PDS008,9.0,18.0,10.0,10.0,16.0,16.0,53.0,,,35.2,88.2,A
1,2017/2018,1,PDS009,8.0,17.7,10.0,10.0,13.0,13.0,48.7,,,33.6,82.3,A
1,2017/2018,1,PDS010,7.0,16.3,10.0,10.0,15.0,15.0,48.3,,,30.0,78.3,A-
1,2017/2018,1,PDS011,6.0,10.7,10.0,10.0,13.0,13.0,39.7,,,25.6,65.3,B
1,2017/2018,1,PDS012,10.0,18.3,10.0,10.0,14.0,14.0,52.3,,,37.6,89.9,A
1,2017/2018,1,PDS013,9.0,13.7,10.0,10.0,18.0,18.0,50.7,,,29.2,79.9,A-
1,2017/2018,1,PDS014,9.0,11.7,10.0,10.0,18.0,18.0,48.7,,,26.8,75.5,A-
1,2017/2018,1,PDS015,7.0,17.3,10.0,10.0,16.0,16.0,50.3,,,27.2,77.5,A-
1,2017/2018,1,PDS016,8.0,19.3,10.0,10.0,16.0,16.0,53.3,,,31.6,84.9,A
1,2017/2018,1,PDS017,7.0,19.0,10.0,10.0,14.0,14.0,50.0,,,33.2,83.2,A
1,2017/2018,1,PDS018,10.0,16.3,10.0,10.0,13.0,13.0,49.3,,,24.0,73.3,B+
1,2017/2018,1,PDS019,10.0,18.3,10.0,10.0,15.0,15.0,53.3,,,29.2,82.5,A
1,2017/2018,1,PDS020,8.0,7.7,10.0,10.0,18.0,18.0,43.7,,,21.6,65.3,B
1,2017/2018,1,PDS021,7.0,15.7,10.0,10.0,14.0,14.0,46.7,,,18.4,65.1,B
1,2017/2018,1,PDS022,10.0,18.3,10.0,10.0,15.0,15.0,53.3,,,28.0,81.3,A
1,2017/2018,1,PDS023,10.0,9.7,10.0,10.0,13.0,13.0,42.7,,,24.4,67.1,B
1,2017/2018,1,PDS024,7.0,15.7,10.0,10.0,13.0,13.0,45.7,,,22.4,68.1,B
1,2017/2018,1,PDS025,10.0,13.7,10.0,10.0,13.0,13.0,46.7,,,27.2,73.9,B+
1,2017/2018,1,PDS026,9.0,16.3,10.0,10.0,15.0,15.0,50.3,,,28.8,79.1,A-
1,2017/2018,1,PDS027,9.0,14.3,10.0,10.0,18.0,18.0,51.3,,,13.2,64.5,B-
1,2017/2018,1,PDS028,9.0,16.7,10.0,10.0,14.0,14.0,49.7,,,29.2,78.9,A-
1,2017/2018,1,PDS029,8.0,17.0,10.0,10.0,14.0,14.0,49.0,,,27.2,76.2,A-
1,2017/2018,1,PDS030,7.0,17.0,8.0,8.0,18.0,18.0,50.0,,,22.8,72.8,B+
1,2017/2018,1,PDS031,9.0,13.0,10.0,10.0,15.0,15.0,47.0,,,12.8,59.8,C+
1,2017/2018,1,PDS032,8.0,18.0,10.0,10.0,17.0,17.0,53.0,,,28.4,81.4,A
1,2017/2018,1,PDS033,10.0,18.3,10.0,10.0,17.0,17.0,55.3,,,24.8,80.1,A
1,2017/2018,1,PDS034,10.0,0.0,5.0,5.0,0.0,0.0,15.0,,,0.0,15.0,F
1,2017/2018,1,PDS035,10.0,18.7,10.0,10.0,18.0,18.0,56.7,,,35.6,92.3,A+
1,2017/2018,1,PDS036,9.0,18.7,10.0,10.0,18.0,18.0,55.7,,,26.4,82.1,A
1,2017/2018,1,PDS037,8.0,15.0,10.0,10.0,18.0,18.0,51.0,,,30.4,81.4,A
1,2017/2018,1,PDS038,10.0,17.0,10.0,10.0,18.0,18.0,55.0,,,26.4,81.4,A
2,2017/2018,2,PDS039,9.0,15.2,10.0,10.0,18.3,18.3,52.5,,,29.0,81.5,A
2,2017/2018,2,PDS040,8.0,16.8,7.5,7.5,18.3,18.3,50.6,,,35.0,85.6,A
2,2017/2018,2,PDS041,8.0,16.8,8.75,8.75,18.3,18.3,51.8,,,35.0,86.8,A
2,2017/2018,2,PDS042,10.0,14.6,10.0,10.0,18.0,18.0,52.6,,,27.0,79.6,A-
2,2017/2018,2,PDS043,8.0,15.6,8.75,8.75,18.0,18.0,50.4,,,31.0,81.4,A
2,2017/2018,2,PDS044,10.0,16.0,8.75,8.75,16.0,16.0,50.8,,,29.0,79.8,A-
2,2017/2018,2,PDS045,9.0,17.2,8.75,8.75,12.7,12.7,47.6,,,35.0,82.6,A
2,2017/2018,2,PDS046,9.0,16.8,8.75,8.75,12.7,12.7,47.2,,,33.0,80.2,A
2,2017/2018,2,PDS047,10.0,17.2,8.75,8.75,18.0,18.0,54.0,,,36.0,90.0,A+
2,2017/2018,2,PDS048,8.0,17.2,8.75,8.75,12.3,12.3,46.2,,,29.0,75.2,A-
2,2017/2018,2,PDS049,8.0,13.2,8.75,8.75,12.3,12.3,42.2,,,28.0,70.2,B+
2,2017/2018,2,PDS050,8.0,16.8,8.75,8.75,12.3,12.3,45.8,,,35.0,80.8,A
2,2017/2018,2,PDS051,8.0,14.0,8.75,8.75,16.0,16.0,46.8,,,33.0,79.8,A-
2,2017/2018,2,PDS052,8.5,11.6,8.75,8.75,18.0,18.0,46.8,,,33.0,79.8,A-
2,2017/2018,2,PDS053,9.0,13.2,10.0,10.0,17.0,17.0,49.2,,,27.0,76.2,A-
2,2017/2018,2,PDS054,7.0,12.4,8.75,8.75,18.0,18.0,46.2,,,24.0,70.2,B+
2,2017/2018,2,PDS055,8.5,16.8,8.75,8.75,12.0,12.0,46.0,,,19.0,65.0,B
2,2017/2018,2,PDS056,8.0,12.4,8.75,8.75,12.0,12.0,41.2,,,15.0,56.2,C+
2,2017/2018,2,PDS057,10.0,15.2,8.75,8.75,14.6,14.6,48.6,,,31.0,79.6,A-
2,2017/2018,2,PDS058,9.0,15.2,10.0,10.0,13.0,13.0,47.2,,,33.0,80.2,A
2,2017/2018,2,PDS059,8.0,8.8,7.5,7.5,12.7,12.7,37.0,,,23.0,60.0,B-
2,2017/2018,2,PDS060,10.0,18.0,8.75,8.75,14.0,14.0,50.8,,,31.0,81.8,A
2,2017/2018,2,PDS061,10.0,16.4,8.75,8.75,16.0,16.0,51.2,,,37.0,88.2,A
2,2017/2018,2,PDS062,7.0,12.0,10.0,10.0,18.0,18.0,47.0,,,31.0,78.0,A-
2,2017/2018,2,PDS063,7.0,11.6,8.75,8.75,14.0,14.0,41.4,,,25.0,66.4,B
2,2017/2018,2,PDS064,10.0,12.0,10.0,10.0,17.0,17.0,49.0,,,23.0,72.0,B+
2,2017/2018,2,PDS065,10.0,15.2,10.0,10.0,18.0,18.0,53.2,,,34.0,87.2,A
2,2017/2018,2,PDS066,10.0,16.4,10.0,10.0,17.0,17.0,53.4,,,31.0,84.4,A
2,2017/2018,2,PDS067,0.0,17.6,5.0,5.0,0.0,0.0,22.6,,,0.0,22.6,F
2,2017/2018,2,PDS068,7.0,8.0,7.5,7.5,12.3,12.3,34.8,,,17.0,51.8,C
2,2017/2018,2,PDS069,7.0,14.8,8.75,8.75,11.3,11.3,41.8,,,35.0,76.8,A-
2,2017/2018,2,PDS070,10.0,14.0,8.75,8.75,13.0,13.0,45.8,,,35.0,80.8,A
2,2017/2018,2,PDS071,10.0,15.6,8.75,8.75,14.6,14.6,49.0,,,31.0,80.0,A
2,2017/2018,2,PDS072,9.0,15.2,8.75,8.75,13.0,13.0,46.0,,,33.0,79.0,A-
2,2017/2018,2,PDS073,8.0,14.2,7.5,7.5,14.0,14.0,43.7,,,21.0,64.7,B-
2,2017/2018,2,PDS074,10.0,14.4,8.75,8.75,18.0,18.0,51.2,,,33.0,84.2,A
2,2017/2018,2,PDS075,8.0,15.2,6.25,6.25,12.3,12.3,41.8,,,30.0,71.8,B+
2,2017/2018,2,PDS076,0.0,0.0,0.0,0.0,0.0,0.0,0.0,,,0.0,0.0,F
2,2017/2018,2,PDS077,10.0,13.6,8.75,8.75,12.0,12.0,44.4,,,21.0,65.4,B
2,2017/2018,2,PDS078,9.0,11.6,8.75,8.75,11.3,11.3,40.6,,,25.0,65.6,B
2,2017/2018,2,PDS079,9.0,14.8,7.5,7.5,14.6,14.6,45.9,,,27.0,72.9,B+
1,2018/2019,3,PDS080,6.0,16.8,10.0,10.0,17.67,17.7,50.5,,,26.4,76.9,A-
1,2018/2019,3,PDS081,5.0,16.8,10.0,10.0,17.67,17.7,49.5,,,30.4,79.9,A-
1,2018/2019,3,PDS082,7.5,14.6,10.0,10.0,17.67,17.7,49.8,,,24.8,74.6,B+
1,2018/2019,3,PDS083,7.5,18.0,10.0,10.0,19.0,19.0,54.5,,,32.0,86.5,A
1,2018/2019,3,PDS084,8.0,16.8,10.0,10.0,19.0,19.0,53.8,,,32.0,85.8,A
1,2018/2019,3,PDS085,6.0,17.2,10.0,10.0,17.67,17.7,50.9,,,21.6,72.5,B+
1,2018/2019,3,PDS086,7.0,15.4,10.0,10.0,19.0,19.0,51.4,,,22.4,73.8,B+
1,2018/2019,3,PDS087,6.0,17.0,8.0,8.0,17.33,17.3,48.3,,,22.4,70.7,B+
1,2018/2019,3,PDS088,7.5,16.8,10.0,10.0,16.0,16.0,50.3,,,29.6,79.9,A-
1,2018/2019,3,PDS089,6.0,16.4,8.0,8.0,15.0,15.0,45.4,,,24.8,70.2,B+
1,2018/2019,3,PDS090,5.0,9.2,10.0,10.0,16.67,16.7,40.9,,,20.8,61.7,B-
1,2018/2019,3,PDS091,8.0,16.0,10.0,10.0,16.67,16.7,50.7,,,33.6,84.3,A
1,2018/2019,3,PDS092,7.0,18.0,10.0,10.0,17.33,17.3,52.3,,,37.6,89.9,A
1,2018/2019,3,PDS093,4.0,15.2,6.0,6.0,15.0,15.0,40.2,,,14.4,54.6,C
1,2018/2019,3,PDS094,7.0,17.6,10.0,10.0,17.33,17.3,51.9,,,36.0,87.9,A
1,2018/2019,3,PDS095,4.5,14.8,4.0,4.0,15.33,15.3,38.6,,,29.6,68.2,B
1,2018/2019,3,PDS096,6.5,16.0,9.0,9.0,15.67,15.7,47.2,,,32.8,80.0,A
1,2018/2019,3,PDS097,4.0,10.0,8.0,8.0,19.0,19.0,41.0,,,27.2,68.2,B
1,2018/2019,3,PDS098,5.0,15.2,10.0,10.0,15.0,15.0,45.2,,,35.2,80.4,A
1,2018/2019,3,PDS099,5.0,15.2,10.0,10.0,18.33,18.3,48.5,,,32.0,80.5,A
1,2018/2019,3,PDS100,8.0,13.6,10.0,10.0,15.0,15.0,46.6,,,21.6,68.2,B
1,2018/2019,3,PDS101,6.0,14.8,10.0,10.0,15.0,15.0,45.8,,,24.0,69.8,B
1,2018/2019,3,PDS102,6.5,17.6,10.0,10.0,17.33,17.3,51.4,,,36.0,87.4,A
1,2018/2019,3,PDS103,8.0,16.0,10.0,10.0,19.33,19.3,53.3,,,30.4,83.7,A
1,2018/2019,3,PDS104,7.0,15.2,6.0,6.0,15.0,15.0,43.2,,,20.0,63.2,B-
1,2018/2019,3,PDS105,5.5,17.2,8.0,8.0,15.0,15.0,45.7,,,24.0,69.7,B
1,2018/2019,3,PDS106,6.0,12.8,8.0,8.0,15.0,15.0,41.8,,,25.6,67.4,B
1,2018/2019,3,PDS107,7.5,10.8,10.0,10.0,19.33,19.3,47.6,,,34.4,82.0,A
1,2018/2019,3,PDS108,7.0,18.0,10.0,10.0,19.33,19.3,54.3,,,28.8,83.1,A
1,2018/2019,3,PDS109,6.0,14.8,10.0,10.0,15.0,15.0,45.8,,,24.0,69.8,B
1,2018/2019,3,PDS110,8.0,17.6,10.0,10.0,18.33,18.3,53.9,,,33.6,87.5,A
1,2018/2019,3,PDS111,5.0,13.6,10.0,10.0,17.33,17.3,45.9,,,19.2,65.1,B
1,2018/2019,3,PDS112,8.0,17.6,10.0,10.0,10.33,10.3,45.9,,,26.4,72.3,B+
1,2018/2019,3,PDS113,6.0,12.8,10.0,10.0,16.0,16.0,44.8,,,31.2,76.0,A-
1,2018/2019,3,PDS114,6.5,14.4,10.0,10.0,15.33,15.3,46.2,,,30.4,76.6,A-
1,2018/2019,3,PDS115,5.5,16.8,8.0,8.0,16.67,16.7,47.0,,,36.0,83.0,A
1,2018/2019,3,PDS116,8.5,15.2,10.0,10.0,16.67,16.7,50.4,,,29.6,80.0,A
1,2018/2019,3,PDS117,7.5,18.4,10.0,10.0,17.33,17.3,53.2,,,26.4,79.6,A-
1,2018/2019,3,PDS118,5.0,14.4,10.0,10.0,15.67,15.7,45.1,,,17.6,62.7,B-
1,2018/2019,3,PDS119,5.5,14.0,10.0,10.0,17.33,17.3,46.8,,,22.4,69.2,B
1,2018/2019,3,PDS120,7.5,17.2,10.0,10.0,17.67,17.7,52.4,,,27.2,79.6,A-
1,2018/2019,3,PDS121,6.5,15.6,2.0,2.0,0.0,0.0,24.1,,,0.0,24.1,F
1,2018/2019,3,PDS122,6.0,10.4,10.0,10.0,15.0,15.0,41.4,,,24.0,65.4,B
1,2018/2019,3,PDS123,6.0,13.2,8.0,8.0,17.33,17.3,44.5,,,26.4,70.9,B+
1,2018/2019,3,PDS124,5.5,14.8,8.0,8.0,10.33,10.3,38.6,,,26.4,65.0,B
1,2018/2019,3,PDS125,7.0,14.0,10.0,10.0,18.33,18.3,49.3,,,28.8,78.1,A-
1,2018/2019,3,PDS126,6.0,15.2,9.0,9.0,12.33,12.3,42.5,,,29.6,72.1,B+
1,2018/2019,3,PDS127,7.0,15.6,8.0,8.0,17.67,17.7,48.3,,,17.6,65.9,B
1,2018/2019,3,PDS128,5.0,14.0,10.0,10.0,15.0,15.0,44.0,,,31.2,75.2,A-
1,2018/2019,3,PDS129,5.0,16.4,10.0,10.0,17.33,17.3,48.7,,,27.2,75.9,A-
1,2018/2019,3,PDS130,7.0,13.2,10.0,10.0,12.33,12.3,42.5,,,32.0,74.5,B+
1,2018/2019,3,PDS131,6.5,14.4,10.0,10.0,12.33,12.3,43.2,,,21.6,64.8,B-
1,2018/2019,3,PDS132,5.0,16.0,8.0,8.0,16.0,16.0,45.0,,,29.6,74.6,B+
1,2018/2019,3,PDS133,7.5,14.8,9.0,9.0,15.0,15.0,46.3,,,18.4,64.7,B-
1,2018/2019,3,PDS134,6.0,14.8,10.0,10.0,15.0,15.0,45.8,,,24.0,69.8,B
1,2018/2019,3,PDS135,6.5,14.4,8.0,8.0,12.33,12.3,41.2,,,28.8,70.0,B+
1,2018/2019,3,PDS136,5.5,11.6,10.0,10.0,15.0,15.0,42.1,,,27.2,69.3,B
1,2018/2019,3,PDS137,5.5,13.2,10.0,10.0,15.0,15.0,43.7,,,18.4,62.1,B-
1,2018/2019,3,PDS138,8.0,16.0,10.0,10.0,15.0,15.0,49.0,,,36.8,85.8,A
1,2018/2019,3,PDS139,5.5,16.0,10.0,10.0,17.33,17.3,48.8,,,35.2,84.0,A
1,2018/2019,3,PDS140,6.0,17.2,10.0,10.0,17.67,17.7,50.9,,,33.6,84.5,A
1,2018/2019,3,PDS141,6.0,17.6,10.0,10.0,16.0,16.0,49.6,,,38.4,88.0,A
1,2018/2019,3,PDS142,6.0,15.6,10.0,10.0,16.0,16.0,47.6,,,32.0,79.6,A-
1,2018/2019,3,PDS143,6.0,18.0,8.0,8.0,15.67,15.7,47.7,,,30.4,78.1,A-
1,2018/2019,3,PDS144,5.0,12.4,8.0,8.0,15.0,15.0,40.4,,,32.0,72.4,B+
1,2018/2019,3,PDS145,4.0,10.0,4.0,4.0,15.33,15.3,33.3,,,8.8,42.1,D+
1,2018/2019,3,PDS146,5.0,13.2,10.0,10.0,16.0,16.0,44.2,,,25.6,69.8,B
1,2018/2019,3,PDS147,5.0,16.8,10.0,10.0,17.33,17.3,49.1,,,37.6,86.7,A
1,2018/2019,3,PDS148,5.5,16.0,8.0,8.0,16.0,16.0,45.5,,,35.2,80.7,A
1,2018/2019,3,PDS149,6.5,18.4,10.0,10.0,17.67,17.7,52.6,,,30.4,83.0,A
1,2018/2019,3,PDS150,6.5,12.8,10.0,10.0,15.67,15.7,45.0,,,36.0,81.0,A
1,2018/2019,3,PDS151,6.0,15.2,10.0,10.0,15.0,15.0,46.2,,,31.2,77.4,A-
1,2018/2019,3,PDS152,6.0,16.4,8.0,8.0,19.33,19.3,49.7,,,31.2,80.9,A
1,2018/2019,3,PDS153,5.0,14.4,4.0,4.0,15.0,15.0,38.4,,,12.0,50.4,C
1,2018/2019,3,PDS154,5.0,12.0,7.0,7.0,17.33,17.3,41.3,,,23.2,64.5,B-
1,2018/2019,3,PDS155,5.5,17.8,8.0,8.0,16.0,16.0,47.3,,,29.6,76.9,A-
1,2018/2019,3,PDS156,4.0,16.0,10.0,10.0,15.33,15.3,45.3,,,20.0,65.3,B
1,2018/2019,3,PDS157,5.0,13.2,9.0,9.0,18.33,18.3,45.5,,,20.0,65.5,B
1,2018/2019,3,PDS158,7.0,16.4,10.0,10.0,15.0,15.0,48.4,,,25.6,74.0,B+
1,2018/2019,3,PDS159,7.0,14.4,8.0,8.0,12.33,12.3,41.7,,,21.6,63.3,B-
2,2018/2019,4,PDS160,7.0,13.2,8.0,8.0,11.0,11.0,39.2,,,31.5,70.7,B+
2,2018/2019,4,PDS161,8.0,10.4,7.0,7.0,16.0,16.0,41.4,,,25.0,66.4,B
2,2018/2019,4,PDS162,8.0,12.4,10.0,10.0,16.67,16.7,47.1,,,26.5,73.6,B+
2,2018/2019,4,PDS163,8.0,8.8,7.0,7.0,18.33,18.3,42.1,,,27.0,69.1,B
2,2018/2019,4,PDS164,8.0,12.4,9.0,9.0,18.33,18.3,47.7,,,23.0,70.7,B+
2,2018/2019,4,PDS165,8.0,12.0,10.0,10.0,17.0,17.0,47.0,,,28.5,75.5,A-
2,2018/2019,4,PDS166,7.5,14.0,10.0,10.0,15.67,15.7,47.2,,,26.0,73.2,B+
2,2018/2019,4,PDS167,9.0,14.0,9.0,9.0,11.0,11.0,43.0,,,22.0,65.0,B
2,2018/2019,4,PDS168,7.0,14.4,10.0,10.0,17.0,17.0,48.4,,,32.0,80.4,A
2,2018/2019,4,PDS169,9.0,16.0,9.0,9.0,16.67,16.7,50.7,,,27.0,77.7,A-
2,2018/2019,4,PDS170,8.0,17.2,9.0,9.0,17.0,17.0,51.2,,,29.5,80.7,A
2,2018/2019,4,PDS171,8.5,15.2,9.0,9.0,17.0,17.0,49.7,,,25.0,74.7,B+
2,2018/2019,4,PDS172,8.5,16.0,9.0,9.0,18.33,18.3,51.8,,,32.0,83.8,A
2,2018/2019,4,PDS173,6.0,18.8,10.0,10.0,15.67,15.7,50.5,,,33.0,83.5,A
2,2018/2019,4,PDS174,7.0,16.4,10.0,10.0,16.67,16.7,50.1,,,23.0,73.1,B+
2,2018/2019,4,PDS175,8.0,11.6,8.0,8.0,16.67,16.7,44.3,,,22.0,66.3,B
2,2018/2019,4,PDS176,7.0,17.6,10.0,10.0,18.0,18.0,52.6,,,37.0,89.6,A
2,2018/2019,4,PDS177,10.0,14.4,9.0,9.0,18.0,18.0,51.4,,,29.5,80.9,A
2,2018/2019,4,PDS178,10.0,14.0,9.0,9.0,14.67,14.7,47.7,,,28.5,76.2,A-
2,2018/2019,4,PDS179,10.0,16.0,10.0,10.0,16.67,16.7,52.7,,,24.0,76.7,A-
2,2018/2019,4,PDS180,7.0,13.6,9.0,9.0,16.0,16.0,45.6,,,28.0,73.6,B+
2,2018/2019,4,PDS181,8.0,17.2,10.0,10.0,16.0,16.0,51.2,,,31.0,82.2,A
2,2018/2019,4,PDS182,8.0,12.4,10.0,10.0,11.0,11.0,41.4,,,0.0,41.4,D+
2,2018/2019,4,PDS183,7.0,16.4,9.0,9.0,16.67,16.7,49.1,,,26.0,75.1,A-
2,2018/2019,4,PDS184,8.0,16.0,10.0,10.0,16.0,16.0,50.0,,,30.0,80.0,A
2,2018/2019,4,PDS185,7.0,13.2,10.0,10.0,16.67,16.7,46.9,,,21.0,67.9,B
2,2018/2019,4,PDS186,8.0,10.4,10.0,10.0,16.0,16.0,44.4,,,28.5,72.9,B+
2,2018/2019,4,PDS187,8.0,10.4,8.0,8.0,16.67,16.7,43.1,,,21.5,64.6,B-
2,2018/2019,4,PDS188,10.0,18.4,10.0,10.0,15.0,15.0,53.4,,,32.0,85.4,A
2,2018/2019,4,PDS189,7.5,14.4,10.0,10.0,15.0,15.0,46.9,,,28.0,74.9,B+
2,2018/2019,4,PDS190,7.0,12.0,10.0,10.0,16.67,16.7,45.7,,,23.0,68.7,B
2,2018/2019,4,PDS191,7.5,12.0,8.0,8.0,16.0,16.0,43.5,,,27.0,70.5,B+
2,2018/2019,4,PDS192,6.0,14.0,10.0,10.0,16.0,16.0,46.0,,,27.0,73.0,B+
2,2018/2019,4,PDS193,10.0,14.8,10.0,10.0,18.0,18.0,52.8,,,32.0,84.8,A
2,2018/2019,4,PDS194,9.0,15.2,7.0,7.0,11.0,11.0,42.2,,,27.0,69.2,B
2,2018/2019,4,PDS195,7.0,16.0,10.0,10.0,16.67,16.7,49.7,,,30.0,79.7,A-
2,2018/2019,4,PDS196,6.5,15.2,9.0,9.0,17.0,17.0,47.7,,,31.0,78.7,A-
2,2018/2019,4,PDS197,7.0,14.8,10.0,10.0,14.67,14.7,46.5,,,30.5,77.0,A-
2,2018/2019,4,PDS198,5.5,13.2,10.0,10.0,16.67,16.7,45.4,,,26.0,71.4,B+
2,2018/2019,4,PDS199,6.5,14.0,9.0,9.0,15.67,15.7,45.2,,,23.0,68.2,B
2,2018/2019,4,PDS200,8.0,15.2,9.0,9.0,14.67,14.7,46.9,,,26.0,72.9,B+
2,2018/2019,4,PDS201,8.0,12.8,10.0,10.0,15.67,15.7,46.5,,,33.5,80.0,A
2,2018/2019,4,PDS202,8.0,13.6,10.0,10.0,16.67,16.7,48.3,,,33.5,81.8,A
2,2018/2019,4,PDS203,8.0,15.6,8.0,8.0,15.0,15.0,46.6,,,35.0,81.6,A
2,2018/2019,4,PDS204,8.0,16.4,10.0,10.0,18.0,18.0,52.4,,,29.5,81.9,A
2,2018/2019,4,PDS205,10.0,16.0,10.0,10.0,14.67,14.7,50.7,,,25.0,75.7,A-
1,2019/2020,5,PDS206,10.0,15.7,8.0,8.0,14.0,14.0,47.7,,,30.5,78.2,A-
1,2019/2020,5,PDS207,9.0,10.8,10.0,10.0,15.5,15.5,45.3,,,27.0,72.3,B+
1,2019/2020,5,PDS208,9.0,10.0,10.0,10.0,15.5,15.5,44.5,,,37.0,81.5,A
1,2019/2020,5,PDS209,9.0,12.7,10.0,10.0,15.5,15.5,47.2,,,36.0,83.2,A
1,2019/2020,5,PDS210,10.0,12.7,10.0,10.0,14.5,14.5,47.2,,,35.0,82.2,A
1,2019/2020,5,PDS211,8.0,10.0,10.0,10.0,15.0,15.0,43.0,,,33.0,76.0,A-
1,2019/2020,5,PDS212,7.0,12.7,10.0,10.0,15.0,15.0,44.7,,,37.0,81.7,A
1,2019/2020,5,PDS213,8.0,13.7,10.0,10.0,15.0,15.0,46.7,,,20.0,66.7,B
1,2019/2020,5,PDS214,7.5,17.7,10.0,10.0,15.5,15.5,50.7,,,39.0,89.7,A
1,2019/2020,5,PDS215,7.0,9.3,10.0,10.0,14.0,14.0,40.3,,,28.0,68.3,B
1,2019/2020,5,PDS216,7.0,8.7,10.0,10.0,14.5,14.5,40.2,,,25.0,65.2,B
1,2019/2020,5,PDS217,7.5,10.0,10.0,10.0,15.0,15.0,42.5,,,26.0,68.5,B
1,2019/2020,5,PDS218,7.5,10.3,10.0,10.0,15.5,15.5,43.3,,,34.0,77.3,A-
1,2019/2020,5,PDS219,8.0,16.0,10.0,10.0,15.5,15.5,49.5,,,31.0,80.5,A
1,2019/2020,5,PDS220,8.0,14.0,10.0,10.0,18.0,18.0,50.0,,,24.5,74.5,B+
1,2019/2020,5,PDS221,7.0,15.3,10.0,10.0,18.0,18.0,50.3,,,35.5,85.8,A
1,2019/2020,5,PDS222,7.5,13.3,10.0,10.0,15.0,15.0,45.8,,,32.0,77.8,A-
1,2019/2020,5,PDS223,6.0,10.0,10.0,10.0,18.0,18.0,44.0,,,35.5,79.5,A-
1,2019/2020,5,PDS224,7.5,14.7,7.0,7.0,17.0,17.0,46.2,,,27.0,73.2,B+
1,2019/2020,5,PDS225,6.5,15.3,10.0,10.0,18.0,18.0,49.8,,,35.0,84.8,A
1,2019/2020,5,PDS226,8.0,15.3,10.0,10.0,18.0,18.0,51.3,,,35.0,86.3,A
1,2019/2020,5,PDS227,8.0,14.7,10.0,10.0,15.0,15.0,47.7,,,35.0,82.7,A
1,2019/2020,5,PDS228,7.5,14.3,10.0,10.0,17.0,17.0,48.8,,,34.0,82.8,A
1,2019/2020,5,PDS229,7.0,11.0,10.0,10.0,15.0,15.0,43.0,,,24.0,67.0,B
1,2019/2020,5,PDS230,9.0,16.7,10.0,10.0,18.5,18.5,54.2,,,35.0,89.2,A
1,2019/2020,5,PDS231,7.5,13.0,10.0,10.0,17.0,17.0,47.5,,,24.0,71.5,B+
1,2019/2020,5,PDS232,8.5,15.3,10.0,10.0,14.0,14.0,47.8,,,0.0,47.8,C-
1,2019/2020,5,PDS233,10.0,11.3,10.0,10.0,14.5,14.5,45.8,,,30.0,75.8,A-
1,2019/2020,5,PDS234,6.5,15.3,10.0,10.0,14.5,14.5,46.3,,,29.5,75.8,A-
1,2019/2020,5,PDS235,10.0,16.0,10.0,10.0,14.5,14.5,50.5,,,37.5,88.0,A
1,2019/2020,5,PDS236,0.0,17.3,10.0,10.0,0.0,0.0,27.3,,,0.0,31.0,F
1,2019/2020,5,PDS237,8.0,14.7,10.0,10.0,15.0,15.0,47.7,,,27.5,75.2,A-
1,2019/2020,5,PDS238,7.5,16.3,10.0,10.0,18.0,18.0,51.8,,,31.0,82.8,A
1,2019/2020,5,PDS239,8.0,16.0,10.0,10.0,18.0,18.0,52.0,,,34.5,86.5,A
1,2019/2020,5,PDS240,6.5,16.7,10.0,10.0,15.0,15.0,48.2,,,36.0,84.2,A
1,2019/2020,5,PDS241,8.0,11.0,10.0,10.0,18.5,18.5,47.5,,,35.5,83.0,A
1,2019/2020,5,PDS242,8.0,13.7,10.0,10.0,15.0,15.0,46.7,,,34.5,81.2,A
1,2019/2020,5,PDS243,8.5,15.0,10.0,10.0,14.5,14.5,48.0,,,32.5,80.5,A
1,2019/2020,5,PDS244,8.0,14.0,10.0,10.0,15.0,15.0,47.0,,,33.0,80.0,A
1,2019/2020,5,PDS245,7.5,10.7,10.0,10.0,15.0,15.0,43.2,,,30.5,73.7,B+
1,2019/2020,5,PDS246,9.0,13.3,10.0,10.0,17.0,17.0,49.3,,,30.5,79.8,A-
1,2019/2020,5,PDS247,8.5,14.7,10.0,10.0,15.0,15.0,48.2,,,35.0,83.2,A
1,2019/2020,5,PDS248,6.5,13.3,10.0,10.0,14.5,14.5,44.3,,,32.0,76.3,A-
1,2019/2020,5,PDS249,9.0,14.7,10.0,10.0,18.5,18.5,52.2,,,35.0,87.2,A
1,2019/2020,5,PDS250,10.0,16.3,10.0,10.0,15.0,15.0,51.3,,,29.0,80.3,A
1,2019/2020,5,PDS251,9.0,14.3,10.0,10.0,15.0,15.0,48.3,,,33.0,81.3,A
1,2019/2020,5,PDS252,8.0,12.0,10.0,10.0,14.5,14.5,44.5,,,33.0,77.5,A-
1,2019/2020,5,PDS253,7.5,11.7,10.0,10.0,15.0,15.0,44.2,,,30.5,74.7,B+
1,2019/2020,5,PDS254,8.0,17.0,9.0,9.0,14.0,14.0,48.0,,,38.0,86.0,A
1,2019/2020,5,PDS255,7.0,13.3,10.0,10.0,18.0,18.0,48.3,,,29.0,77.3,A-
2,2019/2020,6,PDS256,9.0,16.0,9.0,9.0,17.0,17.0,51.0,17.0,17.0,34.0,85.0,A
2,2019/2020,6,PDS257,9.0,17.3,10.0,10.0,17.0,17.0,53.3,13.5,18.5,32.0,85.3,A
2,2019/2020,6,PDS258,10.0,18.0,9.0,9.0,17.0,17.0,54.0,17.0,18.0,35.0,89.0,A
2,2019/2020,6,PDS259,0.0,9.3,4.0,4.0,14.0,14.0,27.3,11.5,11.5,23.0,50.3,C
2,2019/2020,6,PDS260,10.0,16.7,10.0,10.0,17.0,17.0,53.7,17.5,16.5,34.0,87.7,A
2,2019/2020,6,PDS261,9.5,18.0,10.0,10.0,16.0,16.0,53.5,16.5,13.5,30.0,83.5,A
2,2019/2020,6,PDS262,10.0,18.0,9.0,9.0,16.0,16.0,53.0,15.5,13.5,29.0,82.0,A
2,2019/2020,6,PDS263,10.0,18.0,10.0,10.0,17.0,17.0,55.0,14.5,15.5,30.0,85.0,A
2,2019/2020,6,PDS264,10.0,18.7,10.0,10.0,17.0,17.0,55.7,18.5,16.5,35.0,90.7,A+
2,2019/2020,6,PDS265,9.0,17.3,10.0,10.0,16.0,16.0,52.3,14.5,16.5,31.0,83.3,A
2,2019/2020,6,PDS266,0.0,12.0,6.0,6.0,0.0,0.0,18.0,11.5,12.5,24.0,42.0,D+
2,2019/2020,6,PDS267,9.0,16.7,10.0,10.0,17.0,17.0,52.7,17.0,15.0,32.0,84.7,A
2,2019/2020,6,PDS268,10.0,14.0,8.0,8.0,16.0,16.0,48.0,11.0,17.0,28.0,76.0,A-
2,2019/2020,6,PDS269,9.0,18.0,9.0,9.0,16.0,16.0,52.0,13.0,16.5,29.5,81.5,A
2,2019/2020,6,PDS270,8.0,14.7,8.0,8.0,16.0,16.0,46.7,15.5,18.0,33.5,80.2,A
2,2019/2020,6,PDS271,8.0,17.3,10.0,10.0,15.0,15.0,50.3,13.0,13.0,26.0,76.3,A-
2,2019/2020,6,PDS272,10.0,14.7,9.0,9.0,16.0,16.0,49.7,12.0,15.5,27.5,77.2,A-
2,2019/2020,6,PDS273,8.0,14.0,8.0,8.0,17.0,17.0,47.0,16.5,16.5,33.0,80.0,A
2,2019/2020,6,PDS274,10.0,20.0,10.0,10.0,16.0,16.0,56.0,13.5,18.5,32.0,88.0,A
2,2019/2020,6,PDS275,10.0,16.7,9.0,9.0,15.0,15.0,50.7,18.0,16.0,34.0,84.7,A
2,2019/2020,6,PDS276,8.0,14.7,10.0,10.0,15.0,15.0,47.7,17.0,16.0,33.0,80.7,A
2,2019/2020,6,PDS277,9.0,14.7,10.0,10.0,15.0,15.0,48.7,16.5,16.5,33.0,81.7,A
2,2019/2020,6,PDS278,7.0,18.0,8.0,8.0,17.0,17.0,50.0,7.0,16.0,23.0,73.0,B+
2,2019/2020,6,PDS279,6.0,14.7,10.0,10.0,17.0,17.0,47.7,16.0,17.0,33.0,80.7,A
2,2019/2020,6,PDS280,6.0,18.7,9.0,9.0,17.0,17.0,50.7,12.5,17.5,30.0,80.7,A
2,2019/2020,6,PDS281,6.0,17.3,10.0,10.0,16.0,16.0,49.3,17.5,17.5,35.0,84.3,A
2,2019/2020,6,PDS282,8.0,18.0,10.0,10.0,17.0,17.0,53.0,17.5,4.5,22.0,75.0,A-
2,2019/2020,6,PDS283,8.5,19.3,10.0,10.0,17.0,17.0,54.8,18.5,16.5,35.0,89.8,A
2,2019/2020,6,PDS284,10.0,14.7,10.0,10.0,17.0,17.0,51.7,15.0,14.0,29.0,80.7,A
2,2019/2020,6,PDS285,7.5,17.3,9.0,9.0,17.0,17.0,50.8,12.5,17.5,30.0,80.8,A
2,2019/2020,6,PDS286,8.0,15.3,10.0,10.0,14.0,14.0,47.3,16.0,17.0,33.0,80.3,A
2,2019/2020,6,PDS287,7.5,16.0,9.0,9.0,12.0,12.0,44.5,13.0,15.0,28.0,72.5,B+
2,2019/2020,6,PDS288,8.0,16.0,10.0,10.0,14.0,14.0,48.0,13.0,14.0,27.0,75.0,A-
2,2019/2020,6,PDS289,9.0,18.7,10.0,10.0,17.0,17.0,54.7,16.0,15.5,31.5,86.2,A
2,2019/2020,6,PDS290,7.5,12.0,10.0,10.0,12.0,12.0,41.5,12.5,17.5,30.0,71.5,B+
2,2019/2020,6,PDS291,8.0,15.3,10.0,10.0,16.0,16.0,49.3,16.5,16.5,33.0,82.3,A
2,2019/2020,6,PDS292,8.0,16.7,10.0,10.0,17.0,17.0,51.7,19.0,18.0,37.0,88.7,A
2,2019/2020,6,PDS293,7.0,18.0,10.0,10.0,17.0,17.0,52.0,16.0,16.0,32.0,84.0,A
2,2019/2020,6,PDS294,8.5,16.7,9.0,9.0,14.0,14.0,48.2,17.5,15.5,33.0,81.2,A
2,2019/2020,6,PDS295,8.0,12.0,8.0,8.0,16.0,16.0,44.0,15.5,17.0,32.5,76.5,A-
2,2019/2020,6,PDS296,7.0,12.7,9.0,9.0,12.0,12.0,40.7,15.5,16.5,32.0,72.7,B+
2,2019/2020,6,PDS297,9.0,14.0,10.0,10.0,17.0,17.0,50.0,18.0,14.0,32.0,82.0,A
2,2019/2020,6,PDS298,9.0,14.7,10.0,10.0,12.0,12.0,45.7,17.5,17.5,35.0,80.7,A
2,2019/2020,6,PDS299,7.0,12.0,10.0,10.0,17.0,17.0,46.0,14.5,14.5,29.0,75.0,A-
2,2019/2020,6,PDS300,9.0,13.3,10.0,10.0,12.0,12.0,44.3,17.0,17.0,34.0,78.3,A-
2,2019/2020,6,PDS301,8.0,20.0,10.0,10.0,17.0,17.0,55.0,16.0,15.0,31.0,86.0,A
2,2019/2020,6,PDS302,6.0,10.7,5.0,5.0,15.0,15.0,36.7,14.0,15.0,29.0,65.7,B
2,2019/2020,6,PDS303,8.0,14.0,10.0,10.0,17.0,17.0,49.0,16.5,16.5,33.0,82.0,A
2,2019/2020,6,PDS304,10.0,16.7,10.0,10.0,15.0,15.0,51.7,18.0,14.0,32.0,83.7,A
2,2019/2020,6,PDS305,8.0,12.0,10.0,10.0,12.0,12.0,42.0,12.5,14.5,27.0,69.0,B
2,2019/2020,6,PDS306,6.0,12.0,8.0,8.0,12.0,12.0,38.0,15.0,15.0,30.0,68.0,B
2,2019/2020,6,PDS307,10.0,15.3,10.0,10.0,17.0,17.0,52.3,16.5,16.0,32.5,84.8,A
2,2019/2020,6,PDS308,8.5,19.3,10.0,10.0,16.0,16.0,53.8,16.0,13.0,29.0,82.8,A
2,2019/2020,6,PDS309,7.5,14.7,9.0,9.0,17.0,17.0,48.2,17.0,15.0,32.0,80.2,A
2,2019/2020,6,PDS310,6.0,15.3,9.0,9.0,16.0,16.0,46.3,13.5,15.5,29.0,75.3,A-
2,2019/2020,6,PDS311,6.5,14.7,10.0,10.0,16.0,16.0,47.2,15.0,15.0,30.0,77.2,A-
2,2019/2020,6,PDS312,7.5,17.3,9.0,9.0,16.0,16.0,49.8,15.5,17.5,33.0,82.8,A
2,2019/2020,6,PDS313,7.0,10.7,10.0,10.0,16.0,16.0,43.7,15.0,12.0,27.0,70.7,B+
2,2019/2020,6,PDS314,8.5,15.3,10.0,10.0,15.0,15.0,48.8,14.5,13.5,28.0,76.8,A-
2,2019/2020,6,PDS315,8.0,15.3,10.0,10.0,12.0,12.0,45.3,16.0,17.0,33.0,78.3,A-
1,2020/2021,7,PDS316,6.0,9.2,15.0,10.0,13.2,18.2,43.4,12.0,10.0,22.0,65.4,B
1,2020/2021,7,PDS317,8.0,12.0,15.0,10.0,11.3,16.3,46.3,8.0,16.0,24.0,70.3,B+
1,2020/2021,7,PDS318,8.0,16.4,15.0,10.0,11.7,16.7,51.1,15.0,15.0,30.0,81.1,A
1,2020/2021,7,PDS319,6.0,14.4,15.0,10.0,10.5,15.5,45.9,13.0,15.0,28.0,73.9,B+
1,2020/2021,7,PDS320,8.0,12.0,15.0,10.0,13.2,18.2,48.2,13.0,11.0,24.0,72.2,B+
1,2020/2021,7,PDS321,10.0,17.6,15.0,10.0,13.2,18.2,55.8,14.0,17.0,31.0,86.8,A
1,2020/2021,7,PDS322,9.0,19.2,15.0,10.0,12.8,17.8,56.0,14.0,15.0,29.0,85.0,A
1,2020/2021,7,PDS323,6.0,14.8,15.0,10.0,11.3,16.3,47.1,12.0,11.0,23.0,70.1,B+
1,2020/2021,7,PDS324,8.5,12.8,15.0,10.0,12.9,17.9,49.2,18.0,16.0,34.0,83.2,A
1,2020/2021,7,PDS325,10.0,15.6,15.0,10.0,11.3,16.3,51.9,15.0,16.0,31.0,82.9,A
1,2020/2021,7,PDS326,10.0,16.0,15.0,10.0,11.3,16.3,52.3,19.0,12.0,31.0,83.3,A
1,2020/2021,7,PDS327,7.0,12.4,15.0,10.0,10.5,15.5,44.9,12.0,12.0,24.0,68.9,B
1,2020/2021,7,PDS328,8.0,12.0,15.0,10.0,13.7,18.7,48.7,13.0,10.0,23.0,71.7,B+
1,2020/2021,7,PDS329,8.5,14.4,14.0,9.0,10.5,15.5,47.4,14.0,11.0,25.0,72.4,B+
1,2020/2021,7,PDS330,6.0,14.4,12.0,7.0,11.3,16.3,43.7,14.0,8.0,22.0,65.7,B
1,2020/2021,7,PDS331,8.0,11.2,14.0,9.0,11.3,16.3,44.5,7.0,14.0,21.0,65.5,B
1,2020/2021,7,PDS332,5.0,15.2,14.0,9.0,12.5,17.5,46.7,14.0,10.0,24.0,70.7,B+
1,2020/2021,7,PDS333,6.0,11.6,15.0,10.0,11.3,16.3,43.9,10.0,14.0,24.0,67.9,B
1,2020/2021,7,PDS334,9.0,16.4,15.0,10.0,12.5,17.5,52.9,18.0,10.0,28.0,80.9,A
1,2020/2021,7,PDS335,0.0,15.6,15.0,10.0,10.5,15.5,41.1,15.0,12.0,27.0,68.1,B
1,2020/2021,7,PDS336,9.0,16.0,15.0,10.0,13.2,18.2,53.2,13.0,15.0,28.0,81.2,A
1,2020/2021,7,PDS337,10.0,14.8,15.0,10.0,11.3,16.3,51.1,19.0,10.0,29.0,80.1,A
1,2020/2021,7,PDS338,8.0,14.8,15.0,10.0,11.7,16.7,49.5,14.0,14.0,28.0,77.5,A-
1,2020/2021,7,PDS339,6.0,16.0,15.0,10.0,11.3,16.3,48.3,18.0,10.0,28.0,76.3,A-
1,2020/2021,7,PDS340,8.0,12.0,15.0,10.0,12.5,17.5,47.5,15.0,10.0,25.0,72.5,B+
1,2020/2021,7,PDS341,7.0,13.2,9.0,4.0,13.2,18.2,42.4,13.0,0.0,13.0,55.4,C+
1,2020/2021,7,PDS342,7.0,16.0,15.0,10.0,12.5,17.5,50.5,12.0,20.0,32.0,82.5,A
1,2020/2021,7,PDS343,8.5,13.2,15.0,10.0,10.5,15.5,47.2,13.0,15.0,28.0,75.2,A-
1,2020/2021,7,PDS344,10.0,16.0,15.0,10.0,12.9,17.9,53.9,17.0,13.0,30.0,83.9,A
1,2020/2021,7,PDS345,6.0,11.2,15.0,10.0,12.5,17.5,44.7,12.0,16.0,28.0,72.7,B+
1,2020/2021,7,PDS346,8.0,16.0,15.0,10.0,13.9,18.9,52.9,17.0,18.0,35.0,87.9,A
1,2020/2021,7,PDS347,6.5,17.6,15.0,10.0,12.8,17.8,51.9,13.0,20.0,33.0,84.9,A
1,2020/2021,7,PDS348,8.5,17.2,14.0,9.0,11.7,16.7,51.4,20.0,15.0,35.0,86.4,A
1,2020/2021,7,PDS349,6.0,12.4,15.0,10.0,11.7,16.7,45.1,13.0,12.0,25.0,70.1,B+
1,2020/2021,7,PDS350,10.0,13.2,15.0,10.0,13.7,18.7,51.9,10.0,16.0,26.0,77.9,A-
1,2020/2021,7,PDS351,7.0,8.0,5.0,0.0,0.0,5.0,20.0,0.0,0.0,0.0,20.0,F
1,2020/2021,7,PDS352,10.0,15.2,14.0,9.0,12.9,17.9,52.1,18.0,17.0,35.0,87.1,A
1,2020/2021,7,PDS353,10.0,16.4,15.0,10.0,12.8,17.8,54.2,14.0,14.0,28.0,82.2,A
1,2020/2021,7,PDS354,10.0,15.2,15.0,10.0,13.7,18.7,53.9,19.0,15.0,34.0,87.9,A
1,2020/2021,7,PDS355,6.5,14.4,13.0,8.0,12.5,17.5,46.4,14.0,15.0,29.0,75.4,A-
1,2020/2021,7,PDS356,8.5,16.0,15.0,10.0,10.5,15.5,50.0,12.0,16.0,28.0,78.0,A-
1,2020/2021,7,PDS357,10.0,16.4,15.0,10.0,10.5,15.5,51.9,11.0,13.0,24.0,75.9,A-
1,2020/2021,7,PDS358,6.5,16.8,15.0,10.0,12.8,17.8,51.1,15.0,18.0,33.0,84.1,A
1,2020/2021,7,PDS359,7.0,14.8,15.0,10.0,12.5,17.5,49.3,14.0,14.0,28.0,77.3,A-
1,2020/2021,7,PDS360,8.5,17.6,15.0,10.0,13.9,18.9,55.0,14.0,18.0,32.0,87.0,A
1,2020/2021,7,PDS361,8.5,17.2,15.0,10.0,12.8,17.8,53.5,11.0,17.0,28.0,81.5,A
1,2020/2021,7,PDS362,7.0,12.8,15.0,10.0,12.5,17.5,47.3,10.0,13.0,23.0,70.3,B+
1,2020/2021,7,PDS363,8.5,14.8,13.0,8.0,10.5,15.5,46.8,13.0,16.0,29.0,75.8,A-
1,2020/2021,7,PDS364,10.0,12.8,15.0,10.0,13.2,18.2,51.0,13.0,13.0,26.0,77.0,A-
1,2020/2021,7,PDS365,8.0,16.4,15.0,10.0,9.8,14.8,49.2,20.0,14.0,34.0,83.2,A
1,2020/2021,7,PDS366,8.0,12.0,8.0,3.0,13.9,18.9,41.9,13.0,11.0,24.0,65.9,B
1,2020/2021,7,PDS367,10.0,17.6,15.0,10.0,13.9,18.9,56.5,14.0,20.0,34.0,90.5,A+
1,2020/2021,7,PDS368,9.0,18.0,15.0,10.0,13.2,18.2,55.2,11.0,15.0,26.0,81.2,A
1,2020/2021,7,PDS369,9.0,16.4,15.0,10.0,13.2,18.2,53.6,15.0,16.0,31.0,84.6,A
1,2020/2021,7,PDS370,10.0,17.6,15.0,10.0,13.2,18.2,55.8,14.0,16.0,30.0,85.8,A
1,2020/2021,7,PDS371,9.0,16.8,15.0,10.0,13.2,18.2,54.0,13.0,17.0,30.0,84.0,A
1,2020/2021,7,PDS372,10.0,14.8,15.0,10.0,12.8,17.8,52.6,18.0,18.0,36.0,88.6,A
1,2020/2021,7,PDS373,10.0,11.2,15.0,10.0,13.2,18.2,49.4,12.0,14.0,26.0,75.4,A-
1,2020/2021,7,PDS374,9.0,17.6,15.0,10.0,11.3,16.3,52.9,18.0,15.0,33.0,85.9,A
1,2020/2021,7,PDS375,8.5,18.8,15.0,10.0,13.2,18.2,55.5,14.0,20.0,34.0,89.5,A
1,2020/2021,7,PDS376,10.0,16.8,15.0,10.0,11.3,16.3,53.1,13.0,9.0,22.0,75.1,A-
1,2020/2021,7,PDS377,7.0,17.2,15.0,10.0,13.7,18.7,52.9,10.0,10.0,20.0,72.9,B+
1,2020/2021,7,PDS378,10.0,15.6,15.0,10.0,12.8,17.8,53.4,13.0,14.0,27.0,80.4,A
1,2020/2021,7,PDS379,8.5,14.4,14.0,9.0,12.5,17.5,49.4,13.0,14.0,27.0,76.4,A-
1,2020/2021,7,PDS380,9.0,16.4,15.0,10.0,13.2,18.2,53.6,17.0,16.0,33.0,86.6,A
1,2020/2021,7,PDS381,10.0,16.8,15.0,10.0,12.8,17.8,54.6,18.0,13.0,31.0,85.6,A
1,2020/2021,7,PDS382,7.5,13.2,15.0,10.0,12.5,17.5,48.2,12.0,10.0,22.0,70.2,B+
1,2020/2021,7,PDS383,7.5,13.2,15.0,10.0,9.8,14.8,45.5,16.0,20.0,36.0,81.5,A
1,2020/2021,7,PDS384,9.0,15.2,15.0,10.0,12.5,17.5,51.7,14.0,15.0,29.0,80.7,A
1,2020/2021,7,PDS385,8.5,13.6,15.0,10.0,11.3,16.3,48.4,14.0,10.0,24.0,72.4,B+
1,2020/2021,7,PDS386,8.0,13.2,15.0,10.0,12.9,17.9,49.1,19.0,14.0,33.0,82.1,A
1,2020/2021,7,PDS387,9.0,16.8,15.0,10.0,9.8,14.8,50.6,14.0,11.0,25.0,75.6,A-
1,2020/2021,7,PDS388,8.5,16.0,15.0,10.0,12.5,17.5,52.0,14.0,14.0,28.0,80.0,A
2,2020/2021,8,PDS389,6.0,10.8,10.0,5.0,9.3,14.3,36.1,13.5,5.0,18.5,54.6,C
2,2020/2021,8,PDS390,6.0,18.0,13.0,8.0,10.3,15.3,47.3,18.0,15.0,33.0,80.3,A
2,2020/2021,8,PDS391,7.5,15.0,15.0,10.0,10.3,15.3,47.8,17.0,17.0,34.0,81.8,A
2,2020/2021,8,PDS392,8.5,17.2,7.0,2.0,10.6,15.6,43.3,17.0,14.0,31.0,74.3,B+
2,2020/2021,8,PDS393,10.0,19.2,15.0,10.0,11.2,16.2,55.4,18.5,16.5,35.0,90.4,A+
2,2020/2021,8,PDS394,6.5,10.8,13.0,8.0,9.3,14.3,39.6,13.0,12.5,25.5,65.1,B
2,2020/2021,8,PDS395,7.0,18.8,15.0,10.0,12.3,17.3,53.1,18.0,12.0,30.0,83.1,A
2,2020/2021,8,PDS396,7.0,17.8,15.0,10.0,11.2,16.2,51.0,16.0,15.0,31.0,82.0,A
2,2020/2021,8,PDS397,6.0,17.2,15.0,10.0,12.0,17.0,50.2,17.0,11.0,28.0,78.2,A-
2,2020/2021,8,PDS398,8.0,17.6,15.0,10.0,13.3,18.3,53.9,17.0,14.0,31.0,84.9,A
2,2020/2021,8,PDS399,7.5,16.4,15.0,10.0,12.9,17.9,51.8,16.0,8.0,24.0,75.8,A-
2,2020/2021,8,PDS400,6.0,15.6,15.0,10.0,9.3,14.3,45.9,15.0,10.0,25.0,70.9,B+
2,2020/2021,8,PDS401,0.0,14.6,1.0,0.0,13.3,14.3,28.9,16.0,0.0,16.0,44.9,D+
2,2020/2021,8,PDS402,6.5,13.8,15.0,10.0,10.6,15.6,45.9,16.0,11.0,27.0,72.9,B+
2,2020/2021,8,PDS403,7.5,16.2,14.0,9.0,12.9,17.9,50.6,17.0,13.0,30.0,80.6,A
2,2020/2021,8,PDS404,8.0,16.4,14.0,9.0,12.0,17.0,50.4,14.0,7.0,21.0,71.4,B+
2,2020/2021,8,PDS405,9.0,17.2,15.0,10.0,12.9,17.9,54.1,15.0,11.0,26.0,80.1,A
2,2020/2021,8,PDS406,6.5,15.8,15.0,10.0,12.6,17.6,49.9,15.0,16.0,31.0,80.9,A
2,2020/2021,8,PDS407,8.5,13.2,15.0,10.0,11.2,16.2,47.9,14.0,11.0,25.0,72.9,B+
2,2020/2021,8,PDS408,8.0,15.4,14.0,9.0,12.5,17.5,49.9,15.0,10.5,25.5,75.4,A-
2,2020/2021,8,PDS409,7.0,16.4,15.0,10.0,12.5,17.5,50.9,16.0,13.5,29.5,80.4,A
2,2020/2021,8,PDS410,7.5,14.0,11.0,6.0,11.2,16.2,43.7,19.0,14.0,33.0,76.7,A-
2,2020/2021,8,PDS411,7.5,15.0,15.0,10.0,9.3,14.3,46.8,16.0,16.0,32.0,78.8,A-
2,2020/2021,8,PDS412,8.5,15.8,15.0,10.0,12.3,17.3,51.6,17.0,11.5,28.5,80.1,A
2,2020/2021,8,PDS413,7.0,17.6,14.0,9.0,13.3,18.3,51.9,16.0,13.0,29.0,80.9,A
2,2020/2021,8,PDS414,7.0,15.6,15.0,10.0,10.3,15.3,47.9,18.0,13.0,31.0,78.9,A-
2,2020/2021,8,PDS415,8.0,16.8,15.0,10.0,13.3,18.3,53.1,17.0,16.0,33.0,86.1,A
2,2020/2021,8,PDS416,10.0,19.6,15.0,10.0,12.3,17.3,56.9,17.0,16.5,33.5,90.4,A+
2,2020/2021,8,PDS417,0.0,13.2,7.0,2.0,12.6,17.6,32.8,11.0,9.0,20.0,52.8,C
2,2020/2021,8,PDS418,6.0,12.4,10.0,5.0,11.2,16.2,39.6,15.0,7.0,22.0,61.6,B-
2,2020/2021,8,PDS419,7.0,14.0,15.0,10.0,12.0,17.0,48.0,15.0,12.0,27.0,75.0,A-
2,2020/2021,8,PDS420,8.0,14.2,15.0,10.0,12.9,17.9,50.1,15.5,17.0,32.5,82.6,A
2,2020/2021,8,PDS421,9.0,16.8,13.0,8.0,12.6,17.6,51.4,14.5,18.0,32.5,83.9,A
2,2020/2021,8,PDS422,7.0,17.2,15.0,10.0,11.6,16.6,50.8,17.0,10.0,27.0,77.8,A-
2,2020/2021,8,PDS423,7.5,16.6,15.0,10.0,13.3,18.3,52.4,16.0,15.0,31.0,83.4,A
2,2020/2021,8,PDS424,9.0,13.4,14.0,9.0,11.2,16.2,47.6,14.0,14.0,28.0,75.6,A-
2,2020/2021,8,PDS425,6.5,19.6,15.0,10.0,13.3,18.3,54.4,18.0,16.0,34.0,88.4,A
2,2020/2021,8,PDS426,7.5,17.2,15.0,10.0,12.0,17.0,51.7,17.0,11.5,28.5,80.2,A
2,2020/2021,8,PDS427,6.5,18.4,15.0,10.0,11.6,16.6,51.5,19.0,14.0,33.0,84.5,A
2,2020/2021,8,PDS428,8.0,18.4,15.0,10.0,11.6,16.6,53.0,18.0,12.0,30.0,83.0,A
2,2020/2021,8,PDS429,9.0,9.6,11.0,6.0,13.3,18.3,42.9,20.0,10.0,30.0,72.9,B+
2,2020/2021,8,PDS430,7.0,15.0,15.0,10.0,12.6,17.6,49.6,18.0,9.0,27.0,76.6,A-
2,2020/2021,8,PDS431,7.0,0.0,0.0,0.0,0.0,0.0,7.0,0.0,0.0,0.0,7.0,F
2,2020/2021,8,PDS432,9.0,13.2,15.0,10.0,10.3,15.3,47.5,15.5,15.0,30.5,78.0,A-
2,2020/2021,8,PDS433,6.0,11.8,0.0,0.0,0.0,0.0,17.8,16.5,0.0,16.5,34.3,F
2,2020/2021,8,PDS434,7.0,17.4,15.0,10.0,10.6,15.6,50.0,16.5,9.0,25.5,75.5,A-
2,2020/2021,8,PDS435,7.0,15.4,15.0,10.0,13.3,18.3,50.7,17.0,17.0,34.0,84.7,A
2,2020/2021,8,PDS436,6.0,15.6,14.0,9.0,10.6,15.6,46.2,16.0,6.0,22.0,68.2,B
2,2020/2021,8,PDS437,8.0,14.8,14.0,9.0,11.2,16.2,48.0,17.5,17.0,34.5,82.5,A
2,2020/2021,8,PDS438,8.5,15.6,15.0,10.0,11.6,16.6,50.7,18.0,8.0,26.0,76.7,A-
2,2020/2021,8,PDS439,8.0,16.0,15.0,10.0,12.3,17.3,51.3,19.0,14.0,33.0,84.3,A
2,2020/2021,8,PDS440,6.0,14.4,14.0,9.0,12.3,17.3,46.7,16.5,13.5,30.0,76.7,A-
2,2020/2021,8,PDS441,7.0,15.2,15.0,10.0,12.3,17.3,49.5,16.0,16.0,32.0,81.5,A
2,2020/2021,8,PDS442,8.5,18.0,15.0,10.0,13.3,18.3,54.8,16.0,16.0,32.0,86.8,A
2,2020/2021,8,PDS443,7.5,17.6,14.0,9.0,13.3,18.3,52.4,17.0,14.0,31.0,83.4,A
2,2020/2021,8,PDS444,9.0,14.8,15.0,10.0,13.3,18.3,52.1,17.5,18.0,35.5,87.6,A
2,2020/2021,8,PDS445,6.0,15.8,6.0,1.0,12.3,17.3,40.1,16.0,10.0,26.0,66.1,B
2,2020/2021,8,PDS446,7.5,15.6,15.0,10.0,13.3,18.3,51.4,16.0,13.0,29.0,80.4,A
2,2020/2021,8,PDS447,7.5,15.8,15.0,10.0,11.2,16.2,49.5,16.0,12.0,28.0,77.5,A-
1,2021/2022,9,PDS448,9.0,12.0,7.0,7.0,18.0,18.0,46.0,17.0,14.0,31.0,77.0,A-
1,2021/2022,9,PDS449,8.5,19.0,10.0,10.0,15.0,15.0,52.5,16.0,17.0,33.0,85.5,A
1,2021/2022,9,PDS450,6.5,15.0,5.0,5.0,16.0,16.0,42.5,12.0,13.0,25.0,67.5,B
1,2021/2022,9,PDS451,9.0,14.0,9.0,9.0,15.0,15.0,47.0,15.0,13.0,28.0,75.0,A-
1,2021/2022,9,PDS452,8.0,20.0,10.0,10.0,17.0,17.0,55.0,18.0,15.0,33.0,88.0,A
1,2021/2022,9,PDS453,8.0,14.0,10.0,10.0,16.0,16.0,48.0,9.0,13.0,22.0,70.0,B+
1,2021/2022,9,PDS454,8.0,19.0,10.0,10.0,15.0,15.0,52.0,16.0,12.0,28.0,80.0,A
1,2021/2022,9,PDS455,7.5,20.0,10.0,10.0,17.0,17.0,54.5,18.0,12.0,30.0,84.5,A
1,2021/2022,9,PDS456,9.0,17.0,10.0,10.0,15.0,15.0,51.0,18.0,15.0,33.0,84.0,A
1,2021/2022,9,PDS457,9.0,14.0,10.0,10.0,14.0,14.0,47.0,18.0,15.0,33.0,80.0,A
1,2021/2022,9,PDS458,8.0,17.0,10.0,10.0,15.0,15.0,50.0,17.0,14.0,31.0,81.0,A
1,2021/2022,9,PDS459,7.0,17.0,10.0,10.0,18.0,18.0,52.0,15.0,10.0,25.0,77.0,A-
1,2021/2022,9,PDS460,9.0,20.0,10.0,10.0,17.0,17.0,56.0,17.0,18.0,35.0,91.0,A+
1,2021/2022,9,PDS461,8.0,13.0,10.0,10.0,18.0,18.0,49.0,16.0,15.0,31.0,80.0,A
1,2021/2022,9,PDS462,7.0,16.0,10.0,10.0,14.0,14.0,47.0,15.0,10.0,25.0,72.0,B+
1,2021/2022,9,PDS463,0.0,14.0,2.0,2.0,0.0,0.0,16.0,0.0,0.0,0.0,16.0,F
1,2021/2022,9,PDS464,8.0,15.0,4.0,4.0,15.0,15.0,42.0,16.0,10.0,26.0,68.0,B
1,2021/2022,9,PDS465,9.0,16.0,9.0,9.0,14.0,14.0,48.0,14.0,13.0,27.0,75.0,A-
1,2021/2022,9,PDS466,8.0,12.0,8.0,8.0,15.0,15.0,43.0,15.0,12.0,27.0,70.0,B+
1,2021/2022,9,PDS467,8.5,13.0,8.0,8.0,15.0,15.0,44.5,16.0,16.0,32.0,76.5,A-
1,2021/2022,9,PDS468,0.0,10.0,0.0,0.0,0.0,0.0,10.0,0.0,0.0,0.0,10.0,F
1,2021/2022,9,PDS469,8.0,14.0,10.0,10.0,17.0,17.0,49.0,13.0,14.0,27.0,76.0,A-
1,2021/2022,9,PDS470,7.0,16.0,4.0,4.0,18.0,18.0,45.0,12.0,13.0,25.0,70.0,B+
1,2021/2022,9,PDS471,7.0,17.0,10.0,10.0,18.0,18.0,52.0,12.0,12.0,24.0,76.0,A-
1,2021/2022,9,PDS472,9.0,18.0,10.0,10.0,15.0,15.0,52.0,18.0,16.0,34.0,86.0,A
1,2021/2022,9,PDS473,10.0,19.0,10.0,10.0,17.0,17.0,56.0,17.0,15.0,32.0,88.0,A
1,2021/2022,9,PDS474,8.5,15.0,10.0,10.0,14.0,14.0,47.5,15.0,8.0,23.0,70.5,B+
1,2021/2022,9,PDS475,8.0,18.0,10.0,10.0,18.0,18.0,54.0,16.0,10.0,26.0,80.0,A
1,2021/2022,9,PDS476,9.0,11.0,6.0,6.0,15.0,15.0,41.0,14.0,10.0,24.0,65.0,B
1,2021/2022,9,PDS477,8.0,18.0,10.0,10.0,14.0,14.0,50.0,17.0,14.0,31.0,81.0,A
1,2021/2022,9,PDS478,9.0,13.0,10.0,10.0,17.0,17.0,49.0,11.0,10.0,21.0,70.0,B+
1,2021/2022,9,PDS479,8.5,18.0,10.0,10.0,18.0,18.0,54.5,14.0,15.0,29.0,83.5,A
1,2021/2022,9,PDS480,9.0,17.0,10.0,10.0,17.0,17.0,53.0,16.0,15.0,31.0,84.0,A
1,2021/2022,9,PDS481,10.0,16.0,10.0,10.0,14.0,14.0,50.0,13.0,8.0,21.0,71.0,B+
1,2021/2022,9,PDS482,10.0,17.0,10.0,10.0,14.0,14.0,51.0,18.0,17.0,35.0,86.0,A
1,2021/2022,9,PDS483,8.0,14.0,10.0,10.0,18.0,18.0,50.0,15.0,15.0,30.0,80.0,A
1,2021/2022,9,PDS484,8.0,15.0,10.0,10.0,14.0,14.0,47.0,12.0,13.0,25.0,72.0,B+
1,2021/2022,9,PDS485,9.0,15.0,6.0,6.0,17.0,17.0,47.0,14.0,0.0,14.0,61.0,B-
1,2021/2022,9,PDS486,9.0,17.0,10.0,10.0,15.0,15.0,51.0,19.0,16.0,35.0,86.0,A
1,2021/2022,9,PDS487,7.5,20.0,10.0,10.0,17.0,17.0,54.5,18.0,16.0,34.0,88.5,A
1,2021/2022,9,PDS488,7.0,17.0,10.0,10.0,17.0,17.0,51.0,13.0,13.0,26.0,77.0,A-
1,2021/2022,9,PDS489,10.0,18.0,10.0,10.0,18.0,18.0,56.0,18.0,16.0,34.0,90.0,A+
1,2021/2022,9,PDS490,9.5,14.0,10.0,10.0,18.0,18.0,51.5,15.0,10.0,25.0,76.5,A-
1,2021/2022,9,PDS491,9.0,16.0,10.0,10.0,16.0,16.0,51.0,14.0,16.0,30.0,81.0,A
1,2021/2022,9,PDS492,8.5,19.0,10.0,10.0,17.0,17.0,54.5,15.0,16.0,31.0,85.5,A
1,2021/2022,9,PDS493,9.0,15.0,10.0,10.0,14.0,14.0,48.0,17.0,15.0,32.0,80.0,A
1,2021/2022,9,PDS494,7.0,14.0,10.0,10.0,18.0,18.0,49.0,13.0,8.0,21.0,70.0,B+
1,2021/2022,9,PDS495,7.0,16.0,8.0,8.0,15.0,15.0,46.0,15.0,10.0,25.0,71.0,B+
1,2021/2022,9,PDS496,7.0,16.0,10.0,10.0,18.0,18.0,51.0,18.0,14.0,32.0,83.0,A
1,2021/2022,9,PDS497,9.0,16.0,10.0,10.0,16.0,16.0,51.0,16.0,14.0,30.0,81.0,A
1,2021/2022,9,PDS498,7.5,18.0,9.0,9.0,18.0,18.0,52.5,10.0,10.0,20.0,72.5,B+
1,2021/2022,9,PDS499,8.0,20.0,10.0,10.0,17.0,17.0,55.0,15.0,15.0,30.0,85.0,A
1,2021/2022,9,PDS500,8.0,19.0,10.0,10.0,17.0,17.0,54.0,17.0,16.0,33.0,87.0,A
1,2021/2022,9,PDS501,8.0,14.0,10.0,10.0,18.0,18.0,50.0,15.0,11.0,26.0,76.0,A-
1,2021/2022,9,PDS502,8.5,18.0,10.0,10.0,15.0,15.0,51.5,17.0,16.0,33.0,84.5,A
1,2021/2022,9,PDS503,10.0,14.0,8.0,8.0,14.0,14.0,46.0,15.0,9.0,24.0,70.0,B+
1,2021/2022,9,PDS504,8.0,17.0,10.0,10.0,16.0,16.0,51.0,12.0,15.0,27.0,78.0,A-
